{"cameraMode":{"drawMode":0,"name":"Shaded","section":"Shading Mode"},"sceneLighting":true,"audioPlay":false,"sceneViewState":{"showFog":true,"showMaterialUpdate":false,"showSkybox":true,"showFlares":true,"showImageEffects":true,"showParticleSystems":true,"showVisualEffectGraphs":true,"m_FxEnabled":true},"in2DMode":false,"pivot":{"x":0.6269108057022095,"y":-3.0258893966674806,"z":8.77784538269043},"rotation":{"x":0.2568957209587097,"y":0.007251556497067213,"z":-0.0018966435454785824,"w":0.9664391875267029},"size":9.959774017333985,"orthographic":false}